{"cameraMode":{"drawMode":0,"name":"Shaded","section":"Shading Mode"},"sceneLighting":true,"audioPlay":false,"sceneViewState":{"showFog":true,"showMaterialUpdate":true,"showSkybox":true,"showFlares":true,"showImageEffects":true,"showParticleSystems":true},"in2DMode":false,"pivot":{"x":458.2799987792969,"y":84.36396789550781,"z":79.92076873779297},"rotation":{"x":-0.14504022896289826,"y":0.058435581624507907,"z":-0.008584987372159958,"w":-0.9876638650894165},"size":5.555741786956787,"orthographic":false}