{"cameraMode":{"drawMode":0,"name":"Shaded","section":"Shading Mode"},"sceneLighting":true,"audioPlay":false,"sceneViewState":{"showFog":true,"showMaterialUpdate":false,"showSkybox":true,"showFlares":true,"showImageEffects":true,"showParticleSystems":true},"in2DMode":false,"pivot":{"x":121.75582885742188,"y":4.196749210357666,"z":544.9161987304688},"rotation":{"x":-0.048997677862644199,"y":0.7567350268363953,"z":-0.057097163051366809,"w":-0.6493824124336243},"size":8.662832260131836,"orthographic":false}