{"cameraMode":{"drawMode":0,"name":"Shaded","section":"Shading Mode"},"sceneLighting":true,"audioPlay":false,"sceneViewState":{"showFog":true,"showMaterialUpdate":false,"showSkybox":true,"showFlares":true,"showImageEffects":true,"showParticleSystems":true},"in2DMode":false,"pivot":{"x":343.45941162109377,"y":29.32073974609375,"z":819.5261840820313},"rotation":{"x":-0.0890376940369606,"y":0.29337644577026369,"z":-0.027454523369669915,"w":-0.9514468908309937},"size":1834.507568359375,"orthographic":false}