{"cameraMode":{"drawMode":0,"name":"Shaded","section":"Shading Mode"},"sceneLighting":true,"audioPlay":false,"sceneViewState":{"showFog":true,"showMaterialUpdate":false,"showSkybox":true,"showFlares":true,"showImageEffects":true,"showParticleSystems":true},"in2DMode":false,"pivot":{"x":194.88006591796876,"y":266.3909912109375,"z":5.71551513671875},"rotation":{"x":-0.07070988416671753,"y":-0.03381175547838211,"z":0.0023976073134690525,"w":-0.9969239234924316},"size":262.0191650390625,"orthographic":false}